<?xml version="1.0" encoding="UTF-8"?>
<settings xmlns="http://maven.apache.org/SETTINGS/1.0.0"
          xmlns:xsi="http://www.w3.org/2001/XMLSchema-instance"
          xsi:schemaLocation="http://maven.apache.org/SETTINGS/1.0.0 http://maven.apache.org/xsd/settings-1.0.0.xsd">

    <servers>
        <server>
            <id>nexus-releases</id>
            <username>${env.NEXUS_USERNAME}</username>
            <password>${env.NEXUS_PASSWORD}</password>
        </server>
        <server>
            <id>nexus-snapshots</id>
            <username>${env.NEXUS_USERNAME}</username>
            <password>${env.NEXUS_PASSWORD}</password>
        </server>
    </servers>

    <mirrors>
        <mirror>
            <id>maven central</id>
            <name>maven maven</name>
            <mirrorOf>*,!nexus.repository.releases,!nexus.repository.snapshots</mirrorOf>
            <url>${env.NEXUS_URI}/maven-central</url>
        </mirror>
    </mirrors>

    <profiles>
        <profile>
            <id>nexus infotel</id>
            <activation>
                <activeByDefault>true</activeByDefault>
            </activation>
            <repositories>
                <repository>
                    <id>nexus.repository.releases</id>
                    <url>${env.NEXUS_URI}/maven-releases</url>
                    <snapshots>
                        <enabled>false</enabled>
                    </snapshots>
                </repository>
                <repository>
                    <id>nexus.repository.snapshots</id>
                    <url>${env.NEXUS_URI}/maven-snapshots</url>
                    <releases>
                        <enabled>false</enabled>
                    </releases>
                </repository>
            </repositories>
            <pluginRepositories>
                <pluginRepository>
                    <id>nexus.repository.releases</id>
                    <url>${env.NEXUS_URI}/maven-releases</url>
                    <snapshots>
                        <enabled>false</enabled>
                    </snapshots>
                </pluginRepository>
                <pluginRepository>
                    <id>nexus.repository.snapshots</id>
                    <url>${env.NEXUS_URI}/maven-snapshots</url>
                    <releases>
                        <enabled>false</enabled>
                    </releases>
                </pluginRepository>
            </pluginRepositories>
        </profile>
    </profiles>
</settings>
