<?xml version="1.0" encoding="UTF-8"?>
<Configuration status="WARN">
  <Properties>
    <Property name="filename">
      mon-agence
    </Property>
    <Property name="log-path">
      ${sys:logging.app.path:-./logs}
    </Property>
    <Property name="tomcat-log-path">
      ${sys:logging.tomcat.path:-./logs}
    </Property>
    <Property name="log-pattern">
      %d{yyyy-MM-dd HH:mm:ss.SSS} %-5p %pid --- [%15.15t] %-40.40c{1.} : %m%n%throwable
    </Property>
    <Property name="colored-log-pattern">
      %d{yyyy-MM-dd HH:mm:ss.SSS} %highlight{%-5p} %pid --- [%15.15t] %-40.40c{1.} : %m%n%throwable
    </Property>
  </Properties>

  <Appenders>
    <Console name="Console_Appender" target="SYSTEM_OUT">
      <PatternLayout pattern="${colored-log-pattern}"/>
    </Console>

    <RollingFile name="RollingFile_Appender" fileName="${log-path}/${filename}.log"
                 filePattern="${log-path}/${filename}.%d{yyyy-MM-dd}-%i.log.gz" append="true">
      <PatternLayout pattern="${log-pattern}"/>
      <Policies>
        <TimeBasedTriggeringPolicy interval="7" modulate="true"/>
        <SizeBasedTriggeringPolicy size="10MB"/>
      </Policies>
      <DefaultRolloverStrategy max="20"/>
    </RollingFile>

    <RollingFile name="TomcatRollingFile_Appender" fileName="${tomcat-log-path}/tomcat.log"
                 filePattern="${tomcat-log-path}/tomcat.%d{yyyy-MM-dd}-%i.log.gz" append="true">
      <PatternLayout pattern="${log-pattern}"/>
      <Policies>
        <TimeBasedTriggeringPolicy interval="7" modulate="true"/>
        <SizeBasedTriggeringPolicy size="10MB"/>
      </Policies>
      <DefaultRolloverStrategy max="20"/>
    </RollingFile>
  </Appenders>

  <Loggers>
    <Logger name="org.apache.tomcat" level="info" additivity="false">
      <AppenderRef ref="TomcatRollingFile_Appender"/>
    </Logger>
    <Logger name="org.apache.catalina" level="info" additivity="false">
      <AppenderRef ref="TomcatRollingFile_Appender"/>
    </Logger>
    <Logger name="com.infotel.agence" level="info"/>

    <Root level="warn">
      <AppenderRef ref="Console_Appender"/>
      <AppenderRef ref="RollingFile_Appender"/>
    </Root>
  </Loggers>
</Configuration>