{
  "extends": [
    "config:base",
    ":automergeMinor",
    ":disableRateLimiting",
    ":rebaseStalePrs"
  ],
  "assignees": [
    "arnaud.limouzin"
  ],
  "baseBranches": [
    "develop"
  ],
  "dependencyDashboard": true,
  "dependencyDashboardApproval": true,
  "dependencyDashboardAutoclose": true,
  "dependencyDashboardTitle": "[RENOVATE][MASTER ISSUE] - Mise à jour des dépendances",
  "lockFileMaintenance": {
    "enabled": true
  },
  "packageRules": [
    {
      "depTypeList": [
        "devDependencies"
      ],
      "updateTypes": [
        "minor",
        "patch"
      ],
      "groupName": "front devDependencies (non-major)"
    },
    {
      "depTypeList": [
        "dependencies"
      ],
      "updateTypes": [
        "minor",
        "patch"
      ],
      "groupName": "front dependencies (non-major)"
    }
  ]
}